,targets,D-MPNN,D-MPNN with attention,MPNN,MPNN with attention,RNN+NN,RNN+NN with attention
0,8.8,8.363791,14.045575,9.986156,10.982921,8.151147,8.220028
1,43.6,39.61125,21.353058,44.775208,33.40564,41.929157,40.708366
2,13.5,14.213548,11.935706,12.096587,9.906045,11.438702,11.404834
3,7.96,9.029684,13.014269,8.3829565,10.06156,7.263795,7.9242263
4,10.1,9.323903,12.571898,9.143377,4.938875,8.984913,8.740851
5,16.61,18.454735,17.277815,17.58828,13.819844,16.691978,16.78871
6,9.21,8.172457,13.3127775,7.701686,6.773905,4.7685423,2.3924062
7,10.5,7.3970118,10.640414,7.6305494,8.024419,9.55626,6.830456
8,16.46,18.296415,16.05535,17.657896,14.705202,17.121714,16.559298
9,6.17,9.366832,9.391962,11.094853,9.826381,6.3215294,5.7451296
10,7.47,10.484857,19.687977,9.570613,4.723381,7.172904,6.535431
11,40.4,40.794895,-6.18007,42.176456,31.819374,39.743393,37.451935
12,8.775,7.772913,18.6857,10.904768,9.504202,7.6031647,6.847207
13,6.19,9.073972,7.204216,8.20244,6.0562544,6.065377,5.052862
14,6.705,9.636143,25.09701,9.144951,7.278618,6.5685635,6.0534925
15,7.86,9.677937,7.335429,8.763961,6.6422234,7.4245777,7.0418253
16,6.04,8.541768,16.821115,9.043983,7.5866184,5.434292,4.604966
17,39.9,46.555653,32.881847,39.39577,40.109238,38.312927,36.411858
18,3.33,4.7589293,4.6811943,1.764179,2.9745843,3.3428981,1.8781888
19,35.9,33.079994,14.616899,34.440113,25.489515,36.203667,31.728804
20,37.1,35.479347,43.916058,32.058697,19.81222,36.15366,32.23688
21,4.215,4.334262,24.492174,6.5870132,3.4380043,3.884504,2.1971643
22,6.6,11.2299,-3.844289,10.761851,6.8358555,6.1187496,5.6299076
23,40.7,46.356483,20.308046,37.967632,36.0907,39.71553,37.541794
24,7.83,9.832587,12.643365,10.138753,5.594735,7.0642195,6.60087
25,9.49,9.906043,6.357977,10.972325,9.480777,7.704773,6.9769363
26,4.88,4.477396,-2.2795174,6.4898157,5.704362,4.0256186,2.910278
27,20.13,19.640795,-5.4924707,18.86578,18.170155,19.111595,18.984594
28,24.96,25.592964,7.2258368,21.737127,19.117735,24.756218,25.102772
29,-8.8,-6.7272234,6.4433203,-6.7888346,-1.3367226,-8.282109,-9.576041
30,-6.8,-4.4022684,7.6373854,-10.040292,-0.68208617,-4.5555677,-7.0596
31,40.6,36.86548,23.141657,29.107952,24.350681,39.9829,36.261772
32,5.471428571000001,0.9586275,10.276215,4.2322645,3.8825881,5.874854,3.0935876
33,7.3,8.37962,7.406871,9.9712305,7.561137,8.287266,8.013151
34,33.0,36.787064,1.0151384,28.077589,28.430485,32.468536,29.901802
35,4.375,6.9840565,15.118222,4.97375,9.645883,4.2913313,4.1555147
36,36.3,33.87294,28.049322,26.208384,31.0685,32.84098,30.984331
37,33.2,33.17923,26.858711,30.468008,32.509907,32.438694,30.906057
38,29.7,33.771973,35.62003,27.120758,32.448383,30.407787,30.023058
39,32.9,30.154537,23.509771,29.173368,30.53105,32.209072,30.760273
40,38.2,47.47382,20.718018,42.076115,29.255646,33.15047,32.104866
41,5.0,0.89246637,12.955416,4.343108,7.0931406,7.5685406,6.79443
42,-5.1,-8.334933,7.5210714,-4.303088,1.4357917,-6.079095,-5.9862013
43,38.6,30.877071,26.856785,28.908699,27.843592,38.593018,37.733078
44,42.2,43.046852,21.184708,38.72372,36.15125,42.397118,39.91744
45,8.86,12.934865,4.5318375,12.006335,13.492744,8.960492,8.257486
46,44.2,42.231724,23.836637,42.54966,40.577454,43.212204,42.118317
47,1.7,6.720418,11.529648,4.3797398,7.933023,-0.5866367,-0.10055181
48,10.19,15.781128,1.5841577,14.152103,13.879905,9.875899,10.236663
49,13.01,16.555124,3.1798418,15.068766,14.979304,12.0560665,12.842283
50,12.23,15.638608,3.0312898,12.609006,15.719736,12.536493,12.2371645
51,46.3,43.122616,-0.13012621,44.556374,45.6924,44.681374,43.614323
52,33.5,29.663675,19.66968,31.484446,27.387642,33.126106,30.862146
53,16.125,18.486965,1.037648,17.084084,17.02181,16.059174,16.221636
54,20.13,20.130789,5.1290855,17.956072,18.321932,19.111595,18.984594
55,7.5,12.298439,-18.284817,8.874806,8.128901,5.045515,5.326391
56,20.36,21.915497,7.7401195,18.578259,18.326838,19.042774,18.866014
57,50.5,52.103264,17.945904,47.301815,51.304966,47.99739,47.796574
58,3.3,8.340402,-5.046258,8.339463,5.7764645,2.1664045,2.625098
59,16.39666667,18.798115,6.1843767,16.241806,16.84596,15.304727,15.8063965
60,47.3,44.010147,16.500496,47.57398,40.495632,47.879574,47.43773
61,2.4,3.628763,-10.975284,5.598054,6.009783,2.0680778,2.4347808
62,13.46666667,16.269955,2.7851827,15.904025,17.040302,15.15583,15.466115
63,20.076,19.696182,15.592897,16.660526,19.338072,18.456352,18.746986
64,54.4,53.167145,23.911861,44.183826,54.719967,50.00355,49.53345
65,16.015,16.456457,0.5862854,14.106521,16.931026,15.107089,15.573114
66,53.26666667,51.349674,10.797473,42.37023,53.328346,50.034847,49.485424
67,19.32,19.32221,-11.854905,14.411902,18.092651,18.505083,18.662558
68,-0.68,1.3753211,-14.019544,-4.9655294,3.5781906,3.9773424,1.4136112
69,37.5,50.217823,38.634563,37.170555,40.30107,38.532524,37.823456
70,17.2,18.239109,7.835389,10.423883,6.47523,14.554202,15.328622
71,28.78,28.411877,10.209883,19.118513,16.532948,27.712229,27.646656
72,5.64,3.0082376,20.8606,4.779277,7.243043,5.1121025,5.9956255
73,34.3,36.354298,22.424768,33.55777,39.418938,34.283806,31.484838
74,19.2,18.300041,15.812595,15.3488865,16.232933,18.992422,18.961235
75,14.5,15.141717,15.118366,10.750146,13.142812,16.1582,13.753092
76,13.7,17.870697,9.537034,15.532616,16.365377,13.766071,13.110882
77,10.75,10.98247,12.619562,12.706357,7.9767,10.189278,9.760811
78,12.65,15.2201805,9.352085,12.731331,12.035241,12.765249,12.200673
79,13.8,15.943093,13.289112,12.190331,11.910577,16.310442,14.927782
80,13.2,15.129812,14.546134,13.672939,14.755734,17.512768,16.122469
81,15.3,18.807272,15.117864,18.6768,18.085052,15.893324,15.081291
82,18.8,18.068892,15.8236065,17.111996,14.679133,17.65814,17.324144
83,19.3,19.128376,14.159451,18.372547,16.480467,19.087793,17.16254
84,17.1,18.69266,11.190832,16.092663,14.378667,17.838995,17.859081
85,15.1,17.638502,10.589628,14.962861,13.774762,14.989181,14.849615
86,32.6,34.071785,20.718018,40.744125,26.7289,32.634583,30.037733
87,20.525,18.222599,7.9821186,14.78676,14.729699,16.908367,16.24324
88,5.33,9.698079,-10.781241,6.512293,5.558177,4.333976,4.3188457
89,10.7,8.876359,-1.5336163,6.87362,9.648203,9.470779,8.166692
90,32.7,33.503265,38.52164,36.052757,20.289137,32.844433,30.221184
91,33.5,41.469036,-3.578338,36.28648,26.148298,45.194134,43.10006
92,32.6,29.45709,14.844558,27.402346,19.96963,33.526146,30.028986
93,14.8,14.307037,6.8796234,13.450719,15.387618,13.445704,13.16185
94,10.47,12.608202,10.022838,10.126098,9.610727,10.688292,10.714629
95,12.3,11.529496,6.126149,9.392173,13.415628,10.640408,10.607899
96,19.76,19.803175,15.567507,20.03957,18.84161,19.204954,18.90407
97,32.6,42.64941,23.451681,32.60903,33.483803,33.093723,31.23295
98,18.0,16.149376,12.483579,16.071415,16.479113,14.642614,15.002825
99,17.6,19.216812,10.625349,19.543583,16.791912,18.507963,17.821234
100,19.2,20.5055,9.106253,20.065664,16.299616,19.23986,18.24677
101,11.7,11.065753,8.746788,10.478751,13.671128,10.570846,10.5635
102,19.14,20.60082,14.4275,19.978586,18.060888,19.21572,18.936876
103,14.2,15.160706,12.659797,15.793804,14.28178,13.400161,13.132983
104,10.85,11.387821,6.693573,12.4408245,10.430334,10.653788,10.693082
105,20.3,21.11997,10.359475,20.799566,17.194502,19.597982,18.521147
106,20.9,20.053669,4.8151093,21.556616,17.585587,19.797857,18.960457
107,15.2,15.231285,12.092489,14.180657,15.322186,13.042606,12.517885
108,10.65,10.221389,2.8319118,10.269752,11.488088,10.33801,10.267506
109,12.6,9.626777,10.0025,11.332727,10.846018,10.213852,10.081306
110,20.12,19.478277,18.119844,22.790138,17.482613,18.8178,18.414597
111,13.6,15.058789,9.481237,13.891361,15.626642,12.684345,12.568948
112,9.98,10.184292,10.644403,9.74024,10.053825,9.975701,9.996599
113,11.1,10.260425,12.307022,9.627253,9.843652,9.899159,10.003432
114,18.46,20.705997,13.555996,19.61018,19.327713,18.258917,18.275198
115,21.0,19.55242,15.640682,19.912758,16.890978,20.251112,20.10812
116,33.0,35.1587,27.9051,25.960327,22.96131,34.21742,31.317513
117,7.83,-3.4904606,-0.83637923,-1.8946736,7.110923,0.5091322,-1.1667931
118,-14.7,-7.816783,9.516321,-6.2395697,-2.989488,-14.648469,-13.163262
119,33.7,36.863224,13.467878,33.732224,27.009819,33.587902,30.54324
120,-14.3,-9.111114,16.045538,-6.0247393,3.9213312,-7.980422,-8.356099
121,2.6,2.516442,5.111232,0.6791323,5.826457,1.7299545,-0.36132738
122,31.4,23.1062,31.429844,27.835289,13.793754,37.757732,34.229233
123,12.7,13.188199,15.896241,11.459161,8.855327,11.253546,10.314074
124,9.76,6.8651257,14.85216,8.012526,10.222666,9.484099,8.821752
125,8.4,9.545819,12.967386,8.988637,11.460365,8.242815,7.9295306
126,17.61,18.897179,14.666964,17.678663,13.937099,16.825232,16.863216
127,23.325,22.012089,9.470016,19.85455,19.373842,20.686302,21.37611
128,15.5,12.61595,4.8058796,13.892582,13.85628,14.504384,14.981146
129,13.3,10.983116,9.594089,11.948766,10.37578,12.35841,12.846659
130,13.2,12.722571,11.123513,9.475533,10.643904,11.377554,11.906202
131,4.9,10.679343,3.401985,8.162562,5.1315374,2.641053,2.7619913
132,5.06,4.791686,5.687196,2.4154947,4.191078,2.0620735,1.642925
133,2.7,6.716202,8.240536,2.0171716,3.2245662,0.39994505,0.37746504
134,11.45,13.578122,17.932482,13.802224,10.024283,9.008306,8.913587
135,11.1,13.890789,12.550999,10.413973,10.012102,10.297569,10.232705
136,12.0,6.2198143,0.43364695,7.613291,9.003244,9.134,9.499758
137,7.47,6.3201027,1.49806,8.745873,7.429201,7.3777933,7.8804398
138,18.63,17.591923,6.176957,15.226956,17.914162,17.406841,18.196785
139,19.96,20.952456,16.33428,18.123774,18.116573,18.908125,18.443237
140,10.8,10.111252,4.970065,11.412108,8.938213,10.029056,9.919982
141,13.1,15.246329,6.1718616,17.423904,14.323044,11.955472,11.131528
142,10.0,10.649423,8.714255,12.358715,10.263682,8.693124,8.67393
143,10.6,8.215979,10.026803,11.358215,8.780244,9.965924,9.873495
144,13.0,13.574724,14.883205,16.434612,11.671782,11.871708,11.035305
145,9.4,10.076197,6.913722,11.509364,10.08905,8.631276,8.602895
146,19.28,19.747461,10.350315,19.37986,17.876831,18.777786,18.356197
147,12.8,14.109153,9.448703,14.1374855,13.399695,11.739045,10.977835
148,9.15,9.299732,14.12087,10.432748,10.78025,9.85727,9.812455
149,8.8,7.899269,4.2078905,11.130852,11.1808815,8.524388,8.574359
150,18.69,19.447704,12.150064,19.684896,17.938803,18.568207,18.230185
151,6.52,10.651426,6.7757626,11.712987,4.313163,4.594943,4.7100344
152,12.9,14.585543,11.209145,13.711593,14.021236,11.121755,10.985041
153,10.08,12.034149,9.8883095,9.7078085,11.906143,8.756953,9.34434
154,8.4,9.616335,3.7825296,9.179794,11.908686,7.6666517,8.25482
155,18.24,20.293022,12.65871,18.450636,19.187695,17.916677,18.062483
156,12.4,13.963627,6.7538958,11.417701,16.931019,10.020495,9.934722
157,8.54,7.9362855,10.050554,9.775895,11.856805,7.809624,8.571626
158,7.7,7.8875613,4.0065794,8.342768,11.110489,6.658741,7.3942327
159,17.38,18.193396,12.676618,20.577923,18.486998,16.851786,17.201609
160,19.03,20.06162,16.080212,18.390818,17.62655,18.436398,18.566034
161,13.3,14.368159,12.469659,12.373775,9.815361,12.387096,11.858648
162,10.64,10.380121,12.268472,6.5899734,11.686425,10.33516,10.589338
163,10.3,10.069014,12.848164,6.284047,8.225139,9.704108,9.854766
164,4.8,7.5954657,13.496137,6.773903,3.333451,4.586236,4.407029
165,4.85,4.9671974,5.084035,2.055498,5.501814,4.223172,3.9711797
166,2.94,2.2859657,12.332421,2.4403617,5.7956057,2.476568,2.5349557
167,10.97,14.449011,10.758408,8.93915,9.293868,10.88396,10.8868475
168,18.37,19.340755,16.69698,19.47509,14.206806,17.361544,16.703337
169,10.62,8.994939,13.193389,10.534466,8.066657,8.193124,8.310562
170,13.5,14.235364,14.362294,14.723137,11.002341,12.038812,10.688021
171,11.0,8.407682,13.603478,8.341185,8.316718,9.454709,8.220998
172,17.82,16.430645,8.1683655,14.059681,13.7675085,17.387714,16.993689
173,4.82,5.068344,3.6493108,5.3248167,5.0368214,4.746957,4.8934984
174,24.58,18.265276,-6.4968557,15.5745735,14.6187525,25.657524,25.655802
175,12.5,10.983164,-22.554562,6.789178,10.880951,11.282036,12.654929
176,3.1,5.2908077,-1.9454052,4.534624,9.616039,1.8905761,1.9104307
177,10.46,13.0687475,-2.1021664,15.039509,13.846552,12.142299,12.225015
178,1.32,5.9215965,2.689453,4.7614927,5.8797045,0.31140307,-0.071852885
179,10.11,12.761007,-4.1678495,13.015557,13.359306,10.855229,10.323863
180,2.35,6.2219486,4.1244354,8.426397,11.286191,8.205367,7.936746
181,18.01,19.931847,6.4263544,15.853194,16.182209,17.016243,16.370842
182,7.97,11.461716,10.205971,8.717749,6.6633873,7.089302,7.7137437
183,4.74,7.5134163,3.0545204,8.438006,7.0162897,3.400235,3.8618295
184,7.18,8.063265,2.9065597,4.892436,6.9265394,5.3989754,5.59898
185,22.15,19.882502,7.648488,16.456743,14.812414,16.171753,17.810074
186,35.9,36.916634,22.423996,41.49839,34.324146,36.917793,35.530014
187,22.0,18.728205,7.1174517,19.240566,17.858711,20.376614,20.967834
188,11.6,13.04499,-5.53778,11.001169,8.171054,8.9634495,9.6476
189,23.98,24.50582,8.509183,20.925177,18.476936,22.07292,22.464085
190,20.105,20.124022,6.0977144,19.974781,18.487873,17.876913,18.833107
191,5.55,13.440689,3.8061244,10.32443,10.28736,4.0384407,4.2900515
192,8.9,11.0721245,-2.2359746,8.627974,7.2143517,6.3735304,7.1495667
193,16.61333333,19.811329,16.945145,18.265774,15.3726015,13.506432,15.189388
194,18.105,18.632267,10.398034,17.768646,17.21953,18.112743,18.700327
195,22.27,19.819618,8.621465,18.442158,18.17171,22.219564,21.801292
196,8.3,12.62893,5.715024,13.138929,9.898918,7.5748873,7.6898847
197,5.11,13.240866,8.751069,8.698162,11.4346,7.1750736,6.904063
198,11.0,13.903913,17.76133,8.561191,12.78754,10.599047,9.760904
199,15.395,19.951065,12.618447,17.01808,17.899593,14.797886,15.138708
200,10.72,11.698304,5.057478,9.128299,7.983807,10.804222,9.148486
201,0.8,2.9588735,8.068627,1.1914728,8.026732,0.4931276,0.54947263
202,31.9,31.481236,12.103561,25.609364,26.117895,31.240196,30.177263
203,0.0,1.4126098,-11.724084,-2.3402112,0.5768278,7.5088625,4.3205833
204,5.3,8.927593,2.8337333,3.4709537,7.6361246,8.292618,8.563676
205,53.8,49.24134,16.929464,46.135,49.21823,50.688374,48.51967
206,18.875999999999998,20.417467,-3.7202332,17.122046,20.339663,21.444569,19.94795
207,7.95,8.473546,13.693734,9.791557,5.916687,6.9807625,6.212919
208,2.5,3.1271179,12.180746,5.285198,0.17444876,1.486613,1.1147058
209,1.17,-2.21359,9.8027,-2.2000363,4.272031,0.29673842,-0.35777017
210,0.0,-0.50701445,3.4713552,-1.6694081,0.4244688,-0.9518749,-1.5025723
211,6.34,9.2563925,10.883596,5.9554787,4.67925,5.488512,5.6037064
212,-0.16,-5.7992716,6.7287016,-5.6000757,0.5006054,-1.4099514,-1.5035508
213,44.1,48.204086,11.098853,41.140762,38.001568,43.05073,41.330437
214,12.98,16.092009,9.920527,13.804062,15.476739,13.195818,13.121854
215,0.0,44.998745,11.25364,41.93971,44.74058,45.57091,44.746254
216,21.10666667,21.003824,-5.213607,18.575254,16.040924,20.579382,21.021954
217,55.7,50.40202,29.39613,44.579674,48.94736,51.567295,51.706024
218,5.67,11.168391,2.116861,10.761404,7.399641,3.9685905,3.9166677
219,20.11,21.138805,12.5195055,19.067146,17.086687,18.267155,18.531616
220,29.9,32.46957,21.589607,25.814497,33.608143,32.41586,25.351965
221,23.87,18.007399,9.429238,14.620568,12.644167,24.989136,23.677393
222,12.2,8.420193,11.554664,5.099821,4.7471476,10.739847,9.765918
223,10.54,13.532399,7.7905307,13.213641,13.744177,11.95256,11.686363
224,1.28,5.854575,10.206483,5.5769253,5.6583853,2.0696676,3.2438743
225,2.63,4.1418457,11.138377,2.3927848,3.684632,-1.3978417,0.08314208
226,11.0,13.079026,13.718359,12.088861,14.534121,11.755964,11.55143
227,1.1,4.3815737,4.503623,6.311754,8.316568,2.5752275,3.4799287
228,11.84,8.488681,3.1840484,7.1664343,10.579397,6.1749287,7.502492
229,0.35,2.8562162,7.7246656,2.5801122,4.1153326,-0.6024181,-0.38133547
230,44.86666667,43.09675,21.309332,42.72844,39.456272,43.58439,41.71878
231,-1.33,1.4554183,8.230118,3.669257,7.6574926,1.3176038,2.2956474
232,15.3,14.043479,15.240542,13.768661,14.597724,15.057278,14.053235
233,16.17,16.25063,11.550585,14.821763,13.665215,15.532985,14.265615
234,2.01,4.7721395,9.28185,4.6017246,5.2920475,2.0879915,1.6046455
235,14.23,13.755697,11.975669,14.637555,16.530918,15.5689335,14.243068
236,33.6,40.049076,32.51669,43.2961,35.9922,36.717575,33.00109
237,6.1,10.112559,8.168235,6.394452,6.784973,5.0708895,4.9598856
238,8.7,9.010547,11.578358,6.976818,9.412594,7.32557,7.170397
239,20.345,17.362535,16.91655,18.676752,15.364477,19.544403,19.39221
240,22.5,21.269913,8.955148,20.121492,18.21115,22.691866,23.865488
241,22.5,18.542772,5.5357466,17.622032,16.68818,20.357626,19.224073
242,4.47,5.7315254,27.081202,3.637119,8.735664,4.895666,5.0590725
243,38.4,37.74029,31.539143,32.995144,27.884241,36.405083,35.18644
244,39.0,41.428883,25.480883,34.668156,37.148895,37.591434,34.820515
245,5.2425,10.074682,3.393912,9.71951,2.7663677,5.439454,4.707508
246,17.0,15.247162,16.87136,15.774772,14.920972,14.101266,13.468497
247,20.5,16.431913,13.687867,16.385763,16.863037,19.483335,20.697115
248,22.84,18.756832,19.377195,16.868444,14.317045,23.54606,23.14255
249,8.03,12.129224,-3.4797432,10.056299,8.163686,6.79646,7.0919104
250,13.2,9.4801035,5.5624876,9.439264,11.960719,11.762388,11.498861
251,23.79,21.93194,17.298029,18.933004,19.205904,22.406256,22.423595
252,18.7,19.418745,14.859558,17.325869,16.441933,19.148392,18.47607
253,23.3,21.90001,13.735948,20.639128,17.707813,23.452528,24.276577
254,18.8,18.498613,3.3859966,15.206363,15.722311,23.712612,22.698107
255,8.72,9.345028,8.58614,10.402576,10.105748,6.410228,6.519517
256,2.4,6.157243,9.843415,5.1825314,1.3242862,0.6323555,1.3392723
257,1.3,3.056996,5.7820187,1.2463968,0.4912193,-0.39421007,-0.18494913
258,0.55,0.37386683,3.4312046,-1.0290692,2.2990196,-1.6875889,-1.39586
259,3.38,7.286872,14.461097,3.7536914,10.320371,5.7341366,5.0980835
260,0.5,-2.335893,9.910021,-0.7424652,0.14465788,-0.23228857,-1.372247
261,14.77,12.699289,12.077809,9.820968,11.4749,13.58237,13.020237
262,15.24,16.062567,9.199369,11.939461,14.069267,15.714989,14.705673
263,15.8,13.62955,6.738553,12.321093,13.662442,15.193297,14.697262
264,16.74,15.42212,13.7699,12.722827,12.954048,15.743198,14.817255
265,6.18,6.217844,5.4953794,8.179754,7.9413996,5.553507,6.069397
266,3.7,5.501543,13.379886,1.6823318,3.5487087,2.4402597,2.1824253
267,4.9,5.2121754,15.032534,2.8813818,7.316411,4.1045284,4.514036
268,17.6,17.889965,9.35574,17.954008,16.083271,17.219833,17.465366
269,12.6,19.118526,12.730696,19.85122,18.64007,15.244736,15.172902
270,16.1,15.447084,10.477913,13.929932,14.19638,13.295528,13.023341
271,6.33,8.61752,10.702266,9.793598,8.359688,5.919753,7.020405
272,16.94,10.245975,11.694755,10.7381735,11.552117,10.101281,11.279628
273,4.1,6.3253326,6.0518847,7.2091475,6.988204,2.2709672,2.427944
274,5.25,6.2161903,10.835367,3.8174093,8.676918,4.581193,5.3330336
275,16.656,16.665861,9.821965,16.225006,14.252375,16.716274,15.85753
276,36.0,40.335773,27.942816,36.3964,39.019436,36.6733,34.66361
277,3.98,8.462987,10.977974,11.663783,9.054813,3.8396537,2.7724931
278,3.66,7.0704374,9.790451,8.540575,8.692111,4.2499,4.4311304
279,7.67,10.511576,7.742933,10.863941,7.117318,7.0636177,6.441471
280,18.5,16.288063,9.170973,15.742556,16.576664,17.926893,16.521294
281,19.0,18.650255,17.26,18.269768,18.300236,19.28515,18.492321
282,3.8,8.480474,9.749463,7.5004683,6.859932,4.292489,4.1924
283,5.635,6.8838835,12.811862,3.5028265,5.8202295,6.243223,6.249469
284,18.4,19.171522,8.770201,17.843231,15.709665,18.37716,18.001287
285,6.2,9.048446,11.368704,10.923869,10.932758,6.3701143,5.9940615
286,8.39,8.82676,11.088907,10.821211,11.068755,7.1496572,7.2006197
287,17.9,16.558456,15.666773,15.710525,15.450292,18.684832,19.323149
288,19.3,18.279474,9.967538,18.182697,15.632223,20.313164,20.536129
289,19.9,19.398146,13.016315,17.73057,15.577228,21.643906,22.156736
290,24.0,23.971346,10.803663,20.68417,19.441942,23.805113,24.495672
291,23.29,20.47724,16.727333,22.981781,17.692394,23.98967,24.327154
292,9.55,9.826266,9.44017,11.414666,10.172269,9.841454,10.383427
293,21.9,20.520853,11.852712,16.714981,15.934191,23.206087,21.247236
294,19.2,18.564196,18.39079,17.54587,16.3667,18.169563,17.168186
295,19.5,20.743172,11.276557,20.602354,18.860813,20.664223,19.996254
296,19.3,18.444885,12.736094,18.779472,17.750885,19.441618,17.226982
297,49.0,47.95924,9.844123,40.98918,39.790565,45.896305,42.861897
298,14.715,16.929953,15.055891,15.902882,13.584068,13.867888,12.886641
299,25.0,25.853926,14.649154,21.70985,20.015387,24.358908,25.013735
300,23.8,24.041372,15.790728,23.270447,21.374155,24.634739,24.886824
301,23.8,21.10516,12.432249,20.258228,17.716274,22.940237,22.96545
302,15.7,14.06073,4.194868,13.661371,10.334667,14.143963,15.370247
303,9.08,11.946431,4.050091,10.52347,6.071803,8.247743,8.2414875
304,15.1,11.957314,5.040125,10.23436,9.962457,12.926776,12.66218
305,26.18,24.223087,15.7323475,19.952345,19.555138,23.525469,23.394146
306,9.34,10.657989,7.1960163,9.556759,11.030421,8.775242,8.442797
307,14.9,12.528742,3.5137718,8.785801,12.9246235,11.267668,11.566399
308,23.79,21.485706,10.475413,23.278841,17.700089,23.77482,23.426443
309,15.2,10.6749115,1.9388969,12.822363,16.310583,12.625814,12.5338335
310,24.365,23.146742,5.38593,22.56454,16.52323,23.74388,23.783733
311,16.01,13.829841,7.2786837,16.064087,16.106554,14.22579,15.56859
312,9.69,11.902553,-1.5536492,11.650265,10.253433,8.749641,8.8633375
313,23.23,23.527195,17.301147,22.756962,20.32288,23.086317,23.264986
314,9.17,9.281062,18.728758,12.198977,8.559672,8.354019,8.480657
315,42.4,43.36459,39.29499,39.197983,32.95215,41.0083,39.266403
316,8.156666667,9.414674,8.786254,11.784923,8.427359,7.4886007,6.766162
317,6.615,10.793766,14.37577,12.5577345,11.78608,6.26332,5.3968782
318,20.7,22.621834,13.358771,20.494322,15.800811,21.24995,22.30455
319,23.74,22.15846,15.996282,21.025911,18.150764,22.854448,23.066177
320,15.49,14.299898,10.855061,16.565361,12.406184,12.271838,13.978807
321,37.1,37.958447,6.969385,31.53409,35.412937,36.394623,33.22224
322,4.07,5.3293257,20.140842,5.7849846,-0.6129772,4.1201277,2.8889616
323,41.1,39.07314,21.383549,40.663025,32.543365,40.025494,38.484737
324,8.176666667000001,9.998327,10.525236,9.177905,6.5515766,7.5955067,6.986974
325,9.17,11.980207,14.9681835,13.447153,8.336408,8.386092,8.037719
326,42.4,38.098557,27.15085,41.675476,32.57684,41.02679,39.04888
327,6.4,11.832911,21.303846,12.86707,9.100236,5.430291,4.224698
328,6.22,7.7777243,14.704266,9.358397,7.152711,6.502778,6.1661654
329,9.43,9.331338,4.0204477,11.290998,7.0526257,9.208311,8.960876
330,4.656666667,5.043535,31.332832,4.3057995,8.0755415,4.3552866,3.1666925
331,31.7,38.526955,28.030682,35.228638,25.421507,33.943012,31.221104
332,5.226666667,8.617054,10.0310755,4.7972355,2.3148859,4.667042,4.087657
333,32.7,42.51115,35.78283,30.829739,25.55492,34.196907,31.257309
334,9.49,11.461864,16.286943,10.654871,11.881741,8.490162,7.974937
335,10.36,12.02276,0.64424306,10.194903,11.8358135,9.187333,9.141079
336,10.65,13.288941,10.281827,11.82864,10.961837,9.894114,9.474815
337,18.7,18.750227,9.962115,16.419882,15.749064,18.56362,16.799929
338,20.3,20.12195,14.962486,17.14597,17.579681,19.856306,19.444399
339,19.7,20.245514,16.59507,18.01006,17.526793,18.96529,16.616184
340,20.8,22.783876,13.5266075,20.811905,21.711983,20.64828,20.320944
341,2.3,3.0237186,-0.5704605,5.964467,6.8748817,0.6867865,0.6240671
342,11.61,15.979517,14.970905,14.2103,13.144313,12.004292,11.214002
343,19.0,18.791056,15.647682,17.552437,18.096281,17.886824,17.437494
344,8.03,10.552846,16.901773,8.635116,9.473634,8.932218,8.788991
345,25.52,22.838842,12.492967,21.209394,19.259096,23.50315,23.744009
346,8.68,12.68829,18.39622,11.078093,9.343686,8.281195,8.549867
347,14.6,12.776725,2.0681884,11.737282,13.759222,12.8696375,12.995056
348,25.24,24.110956,9.192076,22.032757,17.68797,23.944527,23.831276
349,9.64,13.236666,8.229435,13.292547,10.649024,8.763554,8.894862
350,20.7,17.906935,10.633963,17.953054,16.283499,12.83043,12.278452
351,22.7,24.290396,11.773375,22.401506,19.76465,22.06765,22.92367
352,25.4,19.184546,9.067752,17.670185,16.34887,17.713503,18.05871
353,11.95,9.850863,3.8152292,8.934311,9.848926,10.781185,11.814729
354,24.44,18.805635,21.26314,18.013538,14.5003395,24.812225,23.984802
355,27.0,21.151484,14.499775,18.955585,15.0572815,26.255615,25.116783
356,15.9,14.198551,12.999966,12.85326,14.247594,14.342997,14.134788
357,25.175,25.41321,13.908112,22.267368,21.175577,24.88348,25.322727
358,16.67,19.026026,9.268625,19.416142,12.905738,15.896149,17.50009
359,10.02,16.341942,11.182867,12.86425,10.429276,9.964886,10.205981
360,27.95,23.402155,13.261724,21.770775,21.18809,21.430973,21.258368
361,26.18,19.954836,14.0857115,18.276796,18.131622,16.359526,15.576767
362,25.53,26.189276,15.023246,22.244638,19.064013,24.406658,25.245255
363,25.44,26.139141,12.398934,22.914246,21.465193,24.444614,24.724129
364,24.04,23.10695,15.63201,22.282198,24.607134,24.286022,24.615967
365,9.79,15.544983,0.9753311,14.481755,8.82017,9.240613,9.598833
366,15.6,13.930069,6.22694,12.317217,12.690796,13.445192,13.161627
367,25.85,23.123446,8.519265,24.316704,20.673044,24.347485,24.361809
368,16.58,16.023779,3.593539,16.134663,12.599756,15.120475,16.550287
369,5.02,5.9336624,14.222442,4.7483587,5.082638,4.519272,4.2335443
370,10.2,12.011001,9.804789,9.691954,9.987503,8.903397,9.294661
371,3.46,3.2683103,5.7338667,5.7053213,1.6998756,2.3507354,3.2821758
372,7.1425,13.322442,13.626768,10.534719,9.932247,6.636261,6.0906467
373,14.4,13.32832,10.213185,12.164405,12.850662,13.286708,12.991825
374,27.79,23.902376,11.593808,21.565432,18.975204,27.767551,27.519669
375,5.5,8.701375,5.1326485,6.2173824,5.8681602,2.165614,2.7172115
376,5.25,3.0572212,8.535333,2.446699,4.244728,-1.8913643,0.24111822
377,3.45,3.3860939,6.568529,3.736533,5.3856783,-0.6588413,0.13865736
378,12.53,12.96943,14.470674,11.093131,10.405798,7.1534634,7.475692
379,12.265,11.899286,13.63249,12.187989,11.08983,10.82142,10.750224
380,4.385,4.1196156,-1.7079499,3.1928203,-2.079303,3.5757492,3.665263
381,6.79,9.665742,7.2633533,7.2260065,8.60873,6.588621,7.5435886
382,5.5,6.5923824,10.12189,5.8546057,0.15923384,4.5042458,4.452345
383,5.23,2.9757802,7.1571198,1.9978206,4.8006144,3.1541507,2.928089
384,3.4,1.7799499,8.042431,5.9203215,-1.0449994,1.952565,1.7777908
385,12.53,11.842466,15.174652,10.207912,6.475974,10.362169,9.812103
386,12.2,12.934853,10.923132,10.635553,8.988401,10.285138,10.934673
387,7.22,9.348777,11.051114,8.946394,7.23409,5.960579,5.5384417
388,11.0,12.001228,0.37996367,6.580307,7.0034676,8.835543,8.621351
389,22.85,19.008999,15.055015,17.608305,17.651836,21.222197,20.170288
390,4.8,4.588909,14.344516,6.0380077,8.292266,4.6783304,4.3888903
391,7.86,7.9486814,8.846819,10.417311,4.5294294,6.899312,6.809622
392,18.2,17.312931,12.739523,15.640982,15.094423,18.149673,17.138912
393,14.3,17.807339,17.218275,17.776678,17.943913,17.611382,16.668367
394,19.0,19.62695,9.019061,17.909159,15.100445,19.40972,19.233654
395,16.7,19.730797,11.923672,20.796488,18.6201,18.234701,17.22741
396,24.89,22.001123,4.5162535,19.18906,17.599304,24.118185,22.873518
397,8.42,12.851495,6.042678,10.505603,8.734644,8.555574,7.2143707
398,14.4,12.952391,6.051299,9.618721,11.798674,12.52585,11.436695
399,15.7,17.688873,8.233161,17.427572,18.456646,18.237804,17.61395
400,23.92,26.314295,14.684988,21.30545,19.877668,23.911648,23.922728
401,19.34,22.094507,11.622753,23.58445,23.358465,20.061132,18.545324
402,1.28,3.9118507,12.977315,4.061906,4.156043,0.3893812,1.5205028
403,-3.91,-3.2687771,-18.249252,-1.7151062,-0.07969209,-6.377078,-6.20823
404,0.6,2.7226398,-0.4695122,2.1609638,1.0747411,0.5235346,0.8324259
405,0.79,-2.0285103,12.848801,-2.4289505,2.5539262,-0.08842298,-1.027612
406,-1.1,-1.9662869,7.250804,0.8259705,-1.1381676,-1.4266942,-1.7046807
407,5.98,8.680956,17.765303,5.9651155,8.421549,6.2227964,6.1462793
408,5.2,5.4337244,5.9930944,5.7105255,5.327093,4.1929026,4.2903404
409,3.595,2.9996965,5.1433315,-3.488042,5.0074368,2.2185771,2.201987
410,10.62666667,8.024595,8.899763,8.057376,8.6957245,9.6560545,9.660869
411,4.61,2.4258754,8.791863,0.4050186,-0.35418054,3.2876184,3.062163
412,35.5,39.414886,37.343945,35.19735,37.1773,34.083458,32.71287
413,33.3,36.05278,11.622307,36.40387,27.121002,34.051987,31.422512
414,5.7,4.526761,7.6732087,6.922225,5.2121487,4.63138,3.9215286
415,11.06,10.191767,18.940851,13.010438,11.405375,9.423626,9.482563
416,12.3,14.742452,11.418923,15.40722,11.526246,11.99464,11.442272
417,25.11,16.92641,7.271549,15.239429,14.293891,18.102512,16.413849
418,4.225,8.764831,6.067786,11.772733,6.4476805,3.7760217,4.4440374
419,11.05,12.684519,9.222851,11.139772,10.303202,10.8967705,9.131073
420,21.506,21.751637,10.922536,19.269938,17.000696,21.141376,19.541811
421,11.8,8.992575,2.6077955,7.736934,12.080471,9.715738,10.936768
422,12.8,11.168397,1.8004901,11.809951,7.870809,9.71443,10.267352
423,26.14,22.026367,3.700423,19.69656,19.149506,24.135038,24.7886
424,7.8020000000000005,5.665724,-7.9746313,8.672627,9.239226,7.101552,6.7507877
425,2.0,-5.5969114,28.867476,-1.773967,2.927673,0.16342142,-0.31381914
426,6.5,12.080247,0.14598349,11.385097,14.375209,7.788468,8.552031
427,7.44,9.120405,-9.484759,6.5760584,5.6609697,6.3198757,6.6091356
428,4.1,9.262756,-6.3173532,8.315135,9.313397,4.8900146,5.5001574
429,12.9,17.99895,2.642388,16.496773,17.060444,14.002288,14.733485
430,8.52,6.922203,-0.8016941,10.821773,5.6231813,8.313007,9.402801
431,12.1,13.407446,9.889694,9.7843075,11.266043,10.799566,11.181359
432,9.34,6.40788,10.632035,8.918147,8.381029,8.7727165,9.347784
433,10.16,8.133965,5.767829,10.096674,6.910343,8.358549,8.865113
434,16.92,19.603798,11.853553,17.156378,17.605398,16.943235,17.21843
435,12.7,14.379238,6.598361,10.75516,14.061902,13.586921,12.1551285
436,14.55,10.943748,15.205567,8.789456,8.386913,11.5616255,12.592419
437,27.19,20.941536,10.116521,16.396511,14.423027,25.476213,24.675066
438,17.9,19.383709,9.750332,22.214214,16.441309,17.895126,18.46169
439,10.02,9.529044,2.6977136,12.14307,11.918766,9.571489,9.411334
440,13.9,16.512594,2.9718158,14.470205,13.379211,11.853208,12.157964
441,8.6,10.972249,4.6059904,11.750161,7.831522,8.428847,8.665675
442,8.3,11.88264,11.229951,11.67089,9.573808,8.22863,9.184691
443,24.8575,21.349833,8.838039,19.835947,17.974096,22.787596,23.263449
444,29.17,27.012955,13.314363,25.299831,19.785746,25.089766,25.247663
445,18.4,20.292482,11.264779,17.063898,16.801882,16.364151,17.775595
446,9.99,16.092178,8.763747,13.72702,13.180578,10.129813,10.644689
447,18.0,16.74682,8.533958,16.2236,14.835211,14.971032,14.776511
448,33.6,31.343924,55.933285,30.218204,31.968739,34.77084,31.998232
449,16.1,15.090028,7.799135,13.679304,11.81392,14.316509,13.925792
450,25.62,26.581913,8.977945,24.301756,21.157673,24.807442,24.857357
451,17.06,18.71067,2.9095714,19.113144,15.58152,15.8818035,17.110434
452,10.1,17.056551,12.066476,15.272069,14.442872,9.90232,9.952041
453,5.54,3.0318267,11.134562,8.439973,6.3676643,4.5680475,4.119705
454,11.34333333,10.296686,10.423287,8.905457,6.2570677,8.626253,9.038828
455,3.66,4.4892273,1.3912847,3.5145023,5.20683,2.178826,3.1494853
456,8.2,12.561482,11.339962,12.079015,8.626754,7.080537,6.1936264
457,7.4,11.80901,5.1356516,10.071726,10.575382,11.985914,12.0316925
458,0.56,1.1442401,10.426957,-3.7062142,2.5867298,4.215971,4.767786
459,22.77,22.823929,13.768015,19.056969,18.225002,24.224531,24.273418
460,10.12,16.38012,4.031296,10.026954,9.475107,10.00869,10.017777
461,26.01,27.113409,11.590733,20.93824,18.24944,25.042618,26.067125
462,21.23,20.626019,17.621376,15.973387,17.732283,20.773428,20.487759
463,14.57,16.4106,10.855806,7.0779285,8.290087,11.25919,10.078588
464,1.8,7.8231335,11.236326,1.0619676,0.9468182,1.8753088,2.679797
465,4.0,6.124943,12.588669,-0.62603873,5.4576635,2.8644445,2.1437528
466,55.9,53.944077,27.691668,43.309807,38.516968,54.07304,51.368256
467,8.3,13.013733,-2.9001153,13.175134,10.07602,8.178433,8.849817
468,21.26333333,25.316193,3.8806217,21.6811,18.11803,23.623516,22.929966
469,10.7,14.126003,6.362529,11.32375,9.255593,9.161697,9.176648
470,28.125,23.079155,-2.234811,21.691496,19.574764,24.88843,24.34989
471,9.19,12.694888,10.587298,13.370786,14.08488,8.841716,9.522339
472,1.95,0.08008651,6.4726753,2.3635004,2.9764192,1.7539766,2.7348478
473,7.61,14.112672,10.54997,13.12971,13.454574,7.9092646,9.487496
474,1.25,5.253186,9.322273,4.937929,4.04994,1.3433855,2.6019914
475,5.085,13.200071,-25.798557,12.178708,2.8997552,12.09505,11.073661
476,13.31,13.482203,-16.257902,12.800939,14.9563875,13.591736,12.197388
477,23.64,22.450375,15.416558,20.219187,18.81576,23.33315,23.451054
478,2.29,2.6181037,7.8450418,2.6222446,0.5732773,2.258927,2.8031156
479,10.5,13.634987,12.623045,12.885175,11.567575,9.740454,9.677831
480,12.665,10.652402,12.958504,11.159702,12.547168,11.536021,11.466653
481,5.62,3.0752456,8.910802,1.0552242,2.5093553,4.0911875,4.268077
482,3.66,3.725231,-8.501056,2.7440012,0.9926594,3.072726,2.6392524
483,11.28,14.6090555,3.6787355,12.133794,13.000215,10.061974,9.591146
484,4.93,2.0417364,13.007249,2.9106882,2.837713,3.3068244,3.5869043
485,11.965,12.159233,19.648457,14.14284,8.638111,10.735808,10.570286
486,9.77,14.371927,14.320608,11.996829,12.58342,7.9390306,7.467783
487,7.894,14.193248,4.1634245,15.616194,14.065708,7.4619236,6.808241
488,4.25,5.5033045,2.3960655,4.2376585,2.0732753,5.419119,6.026209
489,10.84,15.632323,11.727187,13.875188,13.317737,13.709617,13.386959
490,11.96,13.213736,3.2017543,12.970198,12.823168,10.9735985,10.851574
491,5.15,4.2560873,6.1187286,5.473913,3.9555643,3.4638221,3.7841299
492,20.95,18.701817,5.8226843,15.584013,11.889946,18.267124,18.468122
493,32.57,31.424314,8.721391,24.928703,22.360945,30.220728,29.799482
494,21.65,21.339445,5.8364267,22.148617,13.651825,21.361618,22.733538
495,16.97,22.645092,3.50644,17.018784,12.553912,16.732248,16.957684
496,26.16,19.552477,4.54239,14.06382,16.359015,21.516876,21.890892
497,12.42,5.654992,11.273664,5.652542,6.3159285,12.536115,13.215811
498,4.64,0.12143592,4.929435,-0.6334774,1.6332262,4.347127,5.071418
499,4.36,3.0671966,7.8167076,3.044769,3.3998563,3.079666,3.522763
500,13.53,14.380734,7.046303,10.504226,11.874725,12.16932,11.9533615
501,5.56,0.65219957,4.690504,3.534539,-0.28006765,4.245653,4.3581705
502,22.4,21.912624,20.76001,18.51009,17.154644,26.10472,25.024622
503,28.4,25.898449,11.077639,21.095139,21.383854,28.334663,26.628136
504,25.7,25.173012,7.363716,20.0919,17.709097,24.46555,25.147566
505,12.685,16.009007,10.412956,16.724527,15.240965,11.511929,11.928169
506,5.46,6.224802,7.271842,8.5078535,10.419588,4.2542257,4.8371334
507,11.55,15.747856,14.347311,15.176131,14.533561,11.508561,10.903136
508,3.47,4.4324064,12.230939,5.966444,2.5253875,3.8811176,3.8378112
509,10.5,11.954454,-8.576438,13.535217,12.337301,10.956827,10.571082
510,23.91,23.816702,16.758057,22.338043,20.322971,23.637806,22.586405
511,1.8,-0.15280458,3.1408002,-0.57852286,-1.6841156,1.8446605,1.528218
512,10.065,8.483079,10.849694,10.361528,9.01955,10.333426,9.4878645
513,3.7,3.6706064,5.129717,3.6700904,2.3097332,4.33389,3.9647157
514,2.33,-0.17394373,13.543895,-3.063968,-0.90846556,3.0165431,2.714317
515,6.885,8.1749115,13.232905,11.176964,9.217543,6.0522995,5.352768
516,0.42,0.7251938,8.349407,-3.83867,-3.9318993,-0.23262426,-1.2515957
517,29.99,24.187862,15.029463,19.116236,18.99686,29.07696,28.148167
518,5.4,9.30126,7.0801487,6.968624,6.1648426,4.037301,3.8172262
519,4.61,6.462487,9.460308,6.31711,1.6963632,3.213473,2.614045
520,10.99,13.244282,3.2490184,9.614153,10.714183,10.375138,9.663382
521,21.8,16.76157,10.5171585,15.715694,18.247694,20.708702,19.814571
522,22.8,21.556417,11.35915,18.305004,17.438856,21.92913,22.488674
523,20.3,21.266592,0.07549361,18.320358,16.21191,21.830044,20.32672
524,27.89,23.192556,10.887152,18.741209,16.566175,28.285461,27.572647
525,14.75,13.758302,13.392499,13.924244,8.4958725,14.025006,13.802231
526,15.0,11.90419,1.349117,11.653958,8.30214,14.541391,15.120978
527,28.18,23.335527,10.547146,21.604908,18.55972,28.430422,28.111214
528,12.0,5.342888,1.7646425,0.3988321,1.8186052,6.6679926,6.7759714
529,19.61,13.864382,11.193843,11.42113,13.652612,16.34096,14.678322
530,5.12,1.6526668,-1.1473382,-2.1583683,3.9688585,5.214512,5.5526247
531,13.685,12.37401,14.662902,10.745542,14.72708,13.769194,13.121876
532,3.6,5.574236,8.276643,6.633857,5.7123985,2.6543033,2.6949956
533,2.48,0.89774686,5.115309,-0.80450743,2.100578,0.76199895,0.46084765
534,1.0,0.50796014,8.955828,0.8600796,-0.6780731,-0.20714018,-0.34562227
535,9.1,14.433032,6.0017357,8.965433,8.091636,7.8820534,7.264779
536,-0.81,-0.82460135,2.2459438,-3.1560662,-2.719909,2.5649555,2.1809804
537,5.54,7.782049,5.381856,5.9056473,7.723077,9.647111,9.087721
538,9.4,12.103491,7.706951,6.629179,10.972537,9.16817,7.854914
539,6.95,6.4434595,6.7211943,2.3502758,3.7933805,6.548229,6.3893623
540,6.26,7.186552,8.176125,1.2422454,7.702194,5.9782877,5.2958508
541,15.06,16.389172,14.294777,12.967055,9.885892,14.936584,14.248363
542,-0.2,-1.1011746,4.2216396,1.9908168,-2.9417775,-0.5028736,-0.28678152
543,7.74,8.580598,13.220916,10.271497,7.765377,7.5563517,7.678889
544,1.4,6.277809,12.538538,4.3541393,4.6274176,2.0570724,2.5386102
545,0.6,-0.016729558,9.185014,-1.7059624,2.63002,0.0631235,0.803809
546,18.25,21.904749,9.005945,21.226728,21.53537,17.34771,17.145445
547,7.9,9.811871,6.4979,3.1630409,7.8520594,6.545162,6.9205217
548,18.5,18.287167,9.054892,16.11259,18.984833,18.03534,18.40266
549,8.9,7.9757853,-8.518874,7.5188417,7.424062,7.013731,7.008766
550,19.71333333,16.158571,14.664743,14.227017,17.901106,18.694668,18.598083
551,9.8,11.139141,8.209635,10.002448,14.6765175,8.645897,8.921397
552,19.7,19.690304,9.259338,20.780281,15.692351,17.841515,18.317207
553,13.1,15.432928,11.367319,12.655995,16.929144,11.9101925,11.63119
554,11.0,9.402402,6.0907106,9.12459,10.818512,9.550167,9.535572
555,10.8,12.283776,-4.12181,6.8752537,8.233128,9.430093,8.7688875
556,24.49,21.760178,-5.2899256,16.300695,17.589516,21.848803,20.6374
557,14.8,15.07038,8.908036,15.780078,17.895954,12.789571,12.232605
558,21.56,20.5833,9.686457,21.970201,18.020939,19.219948,18.457312
559,11.06,10.074788,7.482833,8.375209,11.841893,9.5917845,9.949681
560,19.62,19.803885,15.758458,18.283886,18.05342,18.81523,18.853624
561,13.5,14.699381,8.60459,14.331806,14.014009,12.817924,13.43147
562,11.27,8.899086,9.359279,7.068673,9.051479,10.150214,10.597331
563,19.35,20.07015,15.838218,19.04315,18.352766,18.79728,18.742859
564,14.3,16.425623,6.325486,13.809329,13.907571,12.76529,13.296067
565,11.22,10.381275,15.990067,10.386878,12.46229,10.103871,10.489444
566,10.85,9.733362,9.11074,10.539352,13.805744,9.530956,9.806812
567,17.2,18.360847,7.0911484,19.451946,19.583506,16.336407,16.253899
568,13.4,12.3827505,-1.408582,12.976169,14.966619,12.687236,12.872661
569,23.89,21.420275,11.619801,23.702179,17.898308,22.81849,22.578905
570,13.5,15.028058,13.031362,15.16046,13.535822,13.166175,13.606415
571,13.985,13.76825,6.7158194,15.43774,15.427461,14.244294,12.666827
572,13.5,14.880027,8.2135725,14.810813,14.466852,13.219638,13.668978
573,16.75,19.183254,6.348137,17.675337,17.95237,16.390392,16.305546
574,13.9,12.869073,11.61008,14.087749,14.732564,12.741281,12.909163
575,24.325,22.031517,13.51866,23.647196,19.39147,22.893774,22.667755
576,9.06,7.938367,12.707593,9.514338,14.450811,8.436448,8.956817
577,18.29,18.303917,6.9359255,19.397818,19.79664,17.942562,18.089283
578,11.7,14.576419,8.079508,17.084314,17.648434,11.746232,11.572304
579,8.82,10.668409,8.282697,10.90601,9.95454,9.22873,9.463402
580,26.025,26.314352,15.925182,22.321484,21.16115,25.14158,25.173868
581,20.2,21.057732,7.196971,17.108526,17.662981,18.445389,18.78645
582,15.2,15.150647,7.829212,12.622533,11.143185,15.09285,15.336887
583,15.3,14.808099,12.9085865,12.472235,18.837032,14.709274,14.94395
584,18.69,19.945934,19.285004,19.29583,19.29026,18.425583,17.890265
585,14.2,15.469574,8.701055,12.461773,17.517387,12.15505,12.28129
586,9.72,11.449819,9.01963,9.339957,8.507914,9.4430685,9.365475
587,10.5,9.207355,7.364854,11.606073,11.122792,8.833006,8.761952
588,36.4,38.916927,25.706057,33.68877,30.23036,34.827087,33.477802
589,7.36,5.4314165,15.881737,7.028761,7.2135124,6.517171,6.141653
590,26.45,24.842573,7.072769,19.563526,19.209574,23.215408,23.902273
591,14.3,14.084236,4.0071936,8.504964,9.962044,11.019772,11.62376
592,23.506,20.22208,16.755041,21.36993,17.27056,20.175947,20.606527
593,13.5,14.75987,12.870113,13.577642,9.694256,10.995185,12.165545
594,22.48,17.331371,12.899217,15.551289,17.921827,16.416542,16.652279
595,4.755,10.7225,12.776419,10.963211,11.517095,3.6862934,5.661846
596,12.45,10.958206,11.222987,10.6203575,9.75202,9.558111,9.563262
597,29.97,25.894094,5.7110653,23.456793,19.594667,28.35051,29.398249
598,19.0,23.808128,18.76271,22.501675,23.64464,20.257845,20.774948
599,27.48,29.163548,11.889542,26.366226,23.333307,26.822538,27.515917
600,26.98,25.745857,8.369657,24.78198,25.514238,26.985651,26.036428
601,18.9,20.784924,-8.209172,19.827934,18.867037,19.451004,18.844545
602,17.0,17.624418,26.878143,17.250448,12.101976,16.351688,15.777984
603,15.7,13.409386,0.27915362,14.863328,13.467924,15.655501,14.851244
604,33.9,37.81069,-39.063103,32.8569,24.994232,29.140844,31.130396
605,30.0,34.481228,-25.954037,27.603573,15.850581,25.748436,27.283106
606,30.25,31.551407,-33.067795,28.696657,27.608107,25.617184,26.972229
607,42.7,46.405804,31.453814,44.49122,34.549454,36.754906,37.51303
608,28.42,25.519184,6.3847694,25.527914,22.14919,26.609533,26.238937
609,17.5,16.265306,4.9320507,16.56381,9.953241,16.476515,16.631111
610,20.2,21.337248,2.2136238,21.50496,23.314066,19.548285,19.865145
611,17.4,18.758852,-5.847127,16.97387,18.763197,16.068064,16.205221
612,10.65,9.182068,5.3867664,11.287656,8.770722,10.389124,10.3081
613,10.9,11.604745,5.633189,8.60953,12.206207,10.396551,9.816852
614,18.3,20.735603,13.118209,19.954832,17.625912,18.34103,18.167212
615,25.9,17.483734,7.3828897,18.083302,15.362558,19.9861,19.702467
616,13.0,14.258877,9.283322,14.447169,12.610024,12.687461,11.741513
617,10.42,11.329707,7.759781,10.054816,9.901484,10.181422,10.12507
618,10.9,9.631938,4.749511,11.106035,10.270895,9.889585,9.489341
619,17.92,18.661182,13.893132,19.952427,17.310545,18.199654,17.888586
620,4.22,7.3730516,-18.059288,6.4566803,9.550823,4.7095013,3.9269807
621,13.615,16.574785,-13.044145,12.99042,20.010376,14.088757,13.096337
622,8.0,16.037695,2.7911203,14.953931,13.610714,12.991478,12.643125
623,18.33,18.299557,13.136936,16.871786,16.997225,17.881372,17.421219
624,12.6,14.600538,12.639749,10.732408,13.214665,11.764034,10.358648
625,9.99,9.290928,7.206746,6.8506403,13.197723,9.871201,9.189474
626,8.5,7.6120663,10.70026,6.224142,9.32977,8.60687,7.9701576
627,9.0,9.457812,3.3579404,7.5270395,11.894786,8.446128,8.358862
628,18.2,17.682434,15.896999,17.54488,18.574863,17.707367,17.947596
629,12.7,13.658334,4.6542645,10.490897,12.12044,11.640009,10.783673
630,10.29,9.645141,13.159507,8.908366,9.4051485,9.723934,9.508179
631,12.5,14.001798,9.184192,13.080396,11.291276,11.187965,10.111907
632,10.675,11.231845,8.224179,6.854553,8.870327,9.324806,8.936907
633,9.0,9.038079,12.857663,7.996545,10.798204,7.9956574,7.702494
634,18.73,18.795082,11.028339,18.543434,17.28729,17.243805,17.42663
635,10.5,8.861732,7.8425417,10.789882,11.025928,9.09314,9.580982
636,18.75,19.65076,17.800299,18.123817,16.458796,18.23606,18.364006
637,13.0,12.984094,13.3655815,12.9998045,12.622308,11.950592,11.593699
638,10.98,9.471785,6.6862803,9.255084,10.101928,10.060735,10.496491
639,10.63,10.192403,10.154574,9.304112,10.202753,10.158524,10.478543
640,13.5,15.271259,8.890863,12.828041,9.768728,12.704919,11.995176
641,10.9,11.130963,13.078062,9.378596,7.7854314,9.991522,9.940906
642,18.4,20.548344,14.072638,18.606632,15.652341,18.132935,18.1594
643,22.97,19.863491,17.694265,18.472725,17.53629,22.884724,23.168447
644,4.5,11.89545,11.782664,9.549958,5.795182,8.533869,11.128035
645,11.54,10.51013,7.267082,13.274703,11.477303,11.964591,11.677466
646,13.9,6.306258,-19.970459,6.3859615,8.2942505,10.737988,9.527227
647,28.735,17.72686,-5.476823,14.060716,14.152812,25.14997,23.202234
648,20.14,15.989454,22.90343,11.421043,15.960349,19.227215,18.931202
649,8.2,8.141884,6.814288,3.1453245,4.277727,8.478449,7.762794
650,15.10333333,17.720339,7.2994604,14.918768,16.47616,17.393066,16.546268
651,21.94,21.459812,-13.76357,20.256243,16.37372,23.434078,23.719807
652,56.7,49.601353,8.369265,49.808426,48.618317,53.689453,53.727844
653,26.96,24.566977,-1.4550049,20.979004,21.02042,25.496313,26.365711
654,24.94,24.154102,-0.038899627,20.951508,18.493462,24.756218,25.102772
655,20.3,24.026718,10.889537,20.185337,18.325884,21.419388,21.824165
656,45.2,43.77921,18.499865,43.604362,38.73444,44.05834,41.50638
657,11.0,16.356882,-0.59858245,13.304522,12.949166,11.465844,11.578724
658,17.0,17.274807,11.699237,16.538698,16.235262,17.478598,17.83387
659,22.77666667,24.64139,11.48995,20.120008,18.677095,22.624477,22.797743
660,46.1,48.313,-1.728719,49.593124,39.303444,45.144726,42.211864
661,11.7,16.272522,-27.442642,18.073887,13.55484,12.671668,12.616093
662,19.0,23.899216,21.723871,21.27765,20.744324,21.509396,21.023926
663,25.01,27.484684,5.0377436,26.653412,22.799,25.268705,26.075804
664,23.2,16.255844,10.516136,12.415365,12.510889,19.926823,18.300304
665,56.7,55.867672,16.552397,47.974113,45.439964,53.48821,53.4484
666,21.94,25.145626,-9.124753,20.972475,20.674921,23.084808,23.367228
667,13.87,17.121517,9.727824,15.765744,15.780426,17.265194,16.20156
668,57.8,56.462563,14.827179,49.418167,45.623165,53.410763,53.3763
669,22.8,22.773823,-0.14270326,19.44881,19.031664,22.982807,23.349674
670,13.2,13.469605,1.3238857,10.842354,7.7874036,10.979937,11.507342
671,26.97,23.75883,6.744501,18.709267,18.531565,25.242546,26.109705
672,12.3,15.860551,3.1877582,10.840504,9.58884,11.0352745,11.203607
673,24.95,23.872396,0.84790117,21.103687,17.790848,24.40438,24.375694
674,20.5,22.661669,9.962065,19.86939,19.868042,18.308546,19.17378
675,4.35,7.307892,14.320444,6.9675074,8.488029,2.7878482,3.9128635
676,4.59,6.853035,8.902647,5.739496,5.514658,3.5031965,4.803914
677,16.97,15.46766,8.547471,16.791576,15.122561,15.816195,15.947417
678,24.67,24.034796,12.379657,23.274918,20.879827,25.362143,26.201578
679,25.8,26.555326,5.894087,21.637712,19.34203,26.99786,26.927687
680,4.87,5.6406784,7.484149,5.1525946,1.6555431,4.859503,4.78564
681,38.0,42.15032,13.839721,41.74079,29.149338,37.433838,34.28963
682,5.95,6.547427,13.799424,8.76645,5.1976757,5.783572,5.2222395
683,43.3,44.53231,30.919558,39.842293,41.2737,41.495316,40.21213
684,10.04,11.1693125,14.866599,7.834632,7.895073,9.365311,9.114228
685,11.1,14.022509,5.211281,10.708517,12.225726,10.481003,11.015601
686,11.46,14.956747,4.13992,12.385916,11.023536,10.591541,10.600664
687,17.58333333,17.949434,9.820491,17.139809,16.379572,16.559235,16.170473
688,4.85,9.522336,6.9081345,8.651287,7.739573,4.209282,4.2354794
689,5.91,7.645524,1.3032434,6.996539,5.31754,5.776143,5.52038
690,27.45,27.704535,8.46614,25.472052,25.081017,25.923565,26.34802
691,16.3,15.937363,13.898495,15.620381,18.679735,14.236555,14.706365
692,25.885,25.068087,9.75338,24.075365,19.939196,25.031462,25.996006
693,10.21,16.768639,8.864581,17.069712,11.710196,10.6088085,11.922745
694,5.84,6.2055244,20.478987,4.628647,5.445511,5.783572,5.2222395
695,9.71,9.220502,14.53467,11.608726,8.915713,9.456818,9.287396
696,43.3,40.17055,25.45554,38.327152,37.444782,41.574337,40.39107
697,10.04,10.057457,7.908846,11.589421,7.8117213,9.41582,9.303111
698,3.87,5.205925,10.761795,6.459403,5.295079,3.5805109,4.658515
699,11.97,13.805752,2.482415,11.043357,14.393199,10.160773,11.261594
700,11.1,12.568705,9.821391,9.1650095,9.717969,10.476808,11.0926075
701,8.41,13.423495,14.368762,15.182396,11.4470415,8.236402,7.632824
702,13.32,11.752037,11.178498,11.434338,7.289218,11.878501,11.224074
703,10.5,13.957811,10.291045,11.73127,9.36305,9.368201,8.418071
704,27.5,28.577005,17.464434,24.852982,18.94376,25.69686,25.287367
705,2.7,8.502849,7.537627,6.5024376,11.25968,4.555251,3.2720277
706,0.0,-0.31984827,6.679245,-4.9631186,0.34205797,-1.4324753,-3.0957367
707,23.9,18.962784,11.948043,19.558784,15.623139,23.166962,22.66442
708,12.7,14.428721,7.2304983,14.205312,13.206534,11.468009,10.424908
709,10.5,8.327339,7.9006734,7.2937927,13.707589,9.530752,9.368802
710,9.0,8.616311,3.5401914,7.7443395,11.512857,8.227523,8.119391
711,18.2,18.146778,13.717263,18.549675,18.578953,17.522675,17.811567
712,18.26,18.111078,11.083925,18.327429,17.939383,17.508617,17.583017
713,13.0,14.040806,17.610504,12.827225,14.908125,11.483505,10.381266
714,10.65,10.07771,3.0092723,10.843481,13.195163,9.512294,9.084333
715,10.7,10.16528,3.8409173,8.443449,10.77209,8.20719,7.925215
716,11.0,10.419949,12.201062,8.972374,10.973821,10.16762,10.712752
717,10.3,11.615858,8.907552,8.332834,11.775114,9.194588,9.811172
718,18.8,20.902987,15.365034,18.477839,18.199648,18.33772,18.562246
719,13.8,16.017036,13.988576,14.804955,12.90283,12.885044,12.411844
720,10.53,11.592736,12.842818,9.932074,12.303795,10.376007,10.878968
721,10.7,9.371321,10.951701,9.892527,10.815798,10.120504,10.254455
722,18.44,20.055935,16.40074,18.801529,17.251425,18.537653,18.70079
723,22.7,21.728539,11.894704,19.865845,16.84445,21.85329,22.409426
724,12.7,13.853939,2.7878368,13.2825,13.155515,11.333144,10.298194
725,10.89,9.484163,1.6395595,9.628125,12.332693,9.361756,8.943202
726,8.4,10.868829,6.213808,8.87739,10.145432,8.047152,7.7734776
727,18.09,18.643127,8.369312,19.725248,18.737394,17.379051,17.46461
728,10.0,10.435904,3.6410892,9.185895,11.6632395,9.04928,9.708218
729,18.31,19.904236,11.401188,19.541367,18.020115,18.224705,18.511456
730,12.6,13.958185,16.137777,13.90072,12.829971,12.010559,11.8208065
731,11.25,9.417939,12.333028,8.652683,10.321254,10.034706,10.61919
732,13.4,16.195799,13.703079,15.116859,11.691839,12.928221,12.419374
733,10.59,10.445894,11.421672,9.747608,10.540884,10.3979025,10.88207
734,11.1,10.339832,8.163626,10.047005,9.491502,10.132701,10.24912
735,18.26,19.931253,12.673526,19.782888,18.102314,18.639742,18.795792
736,32.94,31.777462,-29.98235,34.288883,30.842146,33.126522,31.487452
737,20.0,23.78273,-34.070488,23.286203,13.981163,21.905535,21.550581
738,25.3,28.17901,-22.227325,25.088478,20.293154,25.357601,24.983057
739,21.15,23.447575,-23.383709,25.1939,22.1251,21.462029,20.713099
740,47.8,48.25657,-4.6229944,39.208492,35.285988,48.207417,45.043854
741,3.0,6.8979416,5.1382046,6.393054,9.158251,1.6189983,2.3547342
742,50.6,49.392357,18.95833,47.546627,46.937866,48.119476,46.74849
743,16.0775,17.846275,1.8696735,16.659851,15.903432,14.755157,14.9480095
744,4.5,10.125012,1.204561,9.951322,8.881215,3.0882165,3.9979532
745,17.39,18.43447,18.750744,16.217714,16.634727,16.26438,16.966734
746,52.2,46.60801,21.78188,39.72582,45.236813,48.747814,48.291126
747,5.89,10.302435,7.5965586,9.191926,9.461304,3.5815475,4.8472567
748,4.9,8.997256,6.6813097,10.420122,8.981241,3.4998987,4.464798
749,52.5,51.83314,16.438364,49.51501,47.20034,48.78636,48.644974
750,17.745,19.9347,9.019047,17.403522,15.604667,16.579725,17.454945
751,18.08,19.927,18.812164,18.105873,17.183722,16.49703,17.175827
752,3.2,6.531152,-4.093053,6.7248735,7.4495926,1.1096475,1.5604064
753,49.4,41.489914,27.039171,46.109592,40.2337,47.32611,46.284435
754,14.9,16.401556,10.344418,15.345526,15.120973,13.948042,13.967889
755,52.0,49.06901,9.785523,45.483578,54.9881,48.863617,48.247944
756,17.5,17.601763,5.940672,14.8873415,15.071645,16.536541,17.142776
757,17.385,19.773252,9.69033,15.999811,17.996893,16.153645,16.801521
758,4.9,9.985897,7.7750154,8.563118,8.974272,3.4262874,4.251342
759,18.075,18.44248,14.587177,18.498938,16.134392,16.505259,17.1783
760,14.895,15.495477,8.387949,15.341446,14.998192,13.933352,13.917694
761,3.2,3.3023365,-3.325517,2.326841,4.7453947,1.1156604,1.5399864
762,49.4,50.59774,14.733545,42.800945,50.24338,47.29762,46.245224
763,52.0,51.839516,11.688594,43.27875,46.27781,48.9292,48.404152
764,17.49,18.305098,4.0531015,14.233622,15.980586,16.627869,17.273264
765,22.86,19.70143,7.26649,18.788645,17.085474,21.060421,21.809237
766,10.1,8.519933,11.408643,8.124707,6.627261,9.914779,8.283504
767,2.36,1.7054431,10.693598,2.4235694,3.1731966,1.4715574,-0.01873895
768,-5.9,-2.8714612,10.299464,-1.5205796,-4.2421846,-5.686055,-5.343297
769,45.2,36.464146,27.610455,31.84653,37.148335,42.673485,40.579357
770,-2.0,-2.1547005,11.520229,-0.8531429,-1.5605404,-0.80606574,-1.7556489
771,25.85,26.951591,11.400071,23.336409,23.839546,26.161207,24.776834
772,19.7,21.61445,0.27580908,18.84032,17.646303,18.727373,17.908329
773,15.1,16.827145,-13.601672,11.022549,16.238585,15.397642,14.895001
774,16.4,15.856169,3.8362968,12.534101,12.699781,14.810682,14.017711
775,10.64,14.175082,2.2807462,14.302506,12.232477,12.75701,12.822199
776,15.3,18.98268,-3.2177346,21.455706,19.618483,16.138567,15.810033
777,11.1,13.880881,-5.0438967,14.290049,13.265117,11.856875,11.700217
778,21.26,25.194487,6.5872793,23.520983,22.14981,24.134533,23.340754
779,12.7,13.158735,-22.596615,13.368976,8.419639,11.655639,12.003338
780,25.125,25.189054,3.3478963,21.881308,19.571672,25.310177,25.280247
781,23.0,26.389923,16.600443,24.064707,19.260462,23.318123,23.100193
782,7.51,8.741941,15.175312,8.807987,9.419559,7.6740413,7.108629
783,0.6,1.7112072,3.6799972,-0.7393486,4.1716404,0.8712614,0.28902033
784,25.47,25.1553,17.410477,23.98725,20.42107,24.048752,23.592281
785,18.0,20.096243,8.195326,17.423628,17.6909,17.043943,16.918879
786,15.0,15.412513,2.6089294,16.118614,12.114724,13.702492,14.139591
787,14.8,14.369279,7.24607,13.965221,15.904933,13.114401,13.327001
788,23.534000000000002,23.323675,18.328718,22.813282,17.195158,23.505177,23.956436
789,11.5,12.384225,1.3192708,11.480665,8.205432,8.234576,9.772954
790,10.35,12.210762,11.721695,13.054345,9.279308,8.322133,9.889172
791,58.1,55.99287,14.62759,51.186405,48.552525,53.835716,52.34161
792,7.64,11.277276,10.814651,12.987738,12.071169,10.122787,10.338702
793,36.1,41.313625,26.022608,37.25716,42.246426,35.38874,33.51849
794,24.48,25.158665,12.9374895,25.922295,23.084194,25.047247,25.557404
795,11.86,10.892635,15.819681,14.240243,10.534775,11.352782,10.888902
796,11.6,13.553165,-1.775718,13.175306,9.251074,10.469027,10.463818
797,11.6,11.746036,12.535533,12.950106,12.931791,10.469027,10.463818
798,36.1,37.823063,29.141058,39.706707,35.986435,35.498814,33.44727
799,6.16,8.726552,12.331085,6.1019487,7.205715,5.737706,5.701831
800,6.375,8.319019,-1.402242,8.66245,7.1294928,8.284779,7.648243
801,6.865,8.644579,-16.768726,9.068323,7.6770315,5.897004,5.491666
802,25.09,23.97536,5.9094124,24.827608,22.678776,24.684135,25.420086
803,9.93,12.253833,15.165013,11.853798,10.3894415,8.88958,9.269817
804,24.03,22.884409,7.048746,22.830173,21.024899,23.903042,23.619017
805,9.97,9.550535,14.23291,11.54916,10.138673,9.894166,9.585286
806,30.0,33.669598,55.62784,24.925646,32.158783,34.457577,31.806126
807,6.4,7.6447716,-11.209348,6.646776,9.21131,5.741809,5.841568
808,6.69,10.206764,5.7421455,6.515258,9.78119,6.066471,5.969775
809,6.5,12.238651,14.553398,13.159228,13.763122,5.8240366,5.5718327
810,5.18,8.982562,-1.4375412,9.086144,6.7359514,4.981288,4.530656
811,5.89,6.8727007,0.57849485,8.295139,6.278969,5.035556,4.4190664
812,4.5,6.896903,-39.85923,5.298872,4.227622,5.403245,3.8218544
813,4.015,7.8953986,15.366993,7.3514853,5.0432415,3.767063,4.0133944
814,37.1,36.862423,16.584549,30.461985,25.442448,36.67667,33.78588
815,5.38,7.616103,28.971,5.058675,8.050307,4.9745293,4.643464
816,5.86,6.27162,13.4549055,3.5645235,9.382308,5.0103035,4.4233856
817,11.065,10.399722,20.535994,11.221217,10.843209,9.893942,9.154911
818,32.2,34.762787,28.637432,34.29724,24.984777,31.488045,30.652887
819,6.7,10.215312,-9.137147,8.482035,11.599121,4.9931316,5.3143883
820,6.745,10.154676,-54.805553,9.7957535,8.609122,4.99533,5.2780466
821,10.44,13.833642,0.5775402,13.27141,13.449099,10.142585,9.100545
822,44.2,46.14748,21.703089,48.990463,35.893497,43.40066,41.157154
823,8.86,12.913628,-29.374855,11.71062,13.425359,9.415464,8.615765
824,33.0,37.63721,-1.2763932,36.370365,32.112614,32.175053,31.262207
825,8.4,11.928134,-13.542256,9.661636,3.1255815,7.7932982,7.4479427
826,34.3,36.903976,32.75406,40.717117,36.15493,33.22162,32.322308
827,7.56,12.214895,10.035422,9.949473,10.068734,7.8842754,8.251405
828,4.9,10.936325,1.5091693,8.74486,6.453556,3.0712783,3.8119857
829,52.3,52.138947,9.614936,46.892807,51.587345,49.436123,48.866867
830,18.1375,19.63041,3.404103,19.697008,18.47576,16.827969,17.296848
831,3.9,6.983898,-6.6689386,5.2717047,6.4172525,3.093414,4.0188656
832,-1.39,-1.4431221,-22.398582,-2.7210324,3.2231662,2.166783,-0.18294355
833,54.7,54.391224,27.829039,43.574184,47.468433,51.122246,50.610096
834,7.5,10.734686,-2.583482,7.68265,5.8118105,5.530179,5.828334
835,20.36,21.328983,8.990983,18.542725,20.388176,19.623375,19.570139
836,1.8,6.040827,-14.733672,1.6055143,1.4372833,4.9422626,2.2724617
837,9.5,11.992821,-6.3981943,8.19965,6.6221094,6.405676,6.8152666
838,55.7,49.663765,22.100086,48.20211,54.300846,51.081238,51.031464
839,7.975,13.680489,-11.3704405,9.9039755,7.9128547,5.8531837,6.3791637
840,21.096,21.02507,-8.075368,17.957006,17.697641,19.789549,20.184246
841,6.4,8.929597,5.465314,8.205452,7.586589,5.859277,6.6293907
842,4.9,10.219317,-18.880646,11.007482,8.954939,5.1378403,6.3055925
843,52.3,52.037186,1.8047311,45.660843,46.53907,50.557426,50.6385
844,18.135,20.979107,18.381483,20.263847,18.99427,18.99148,20.325087
845,26.15,21.64045,5.8643713,20.810482,18.969858,22.536818,23.579092
846,12.8,12.527297,-11.060229,10.343185,9.880966,8.164498,9.071762
847,18.88,19.212234,-2.5881436,16.58287,18.375118,20.988506,19.827625
848,14.8,12.979722,6.5935946,11.938646,9.652143,11.511307,11.738465
849,28.125,21.174274,19.27611,20.844402,19.804245,24.213934,24.10648
850,47.5,39.547516,27.846342,47.381706,43.754112,45.314156,44.66549
851,12.98,15.627451,14.816799,15.287444,16.287613,12.759621,13.110864
852,21.105,20.677279,3.6843898,19.544018,16.105108,20.40574,20.725693
853,55.7,51.011814,25.818739,40.953453,47.16563,51.472443,51.43366
854,4.4,10.604636,-6.0463724,8.145752,4.2492743,3.5972364,4.0786095
855,3.3,8.571835,5.943969,8.312799,8.249452,2.9318702,3.6266153
856,16.125,18.677698,-3.4925683,16.200052,15.622033,16.614834,17.051685
857,16.015,18.233856,1.8757904,14.867815,16.757925,16.296633,16.56614
858,10.65,11.406787,11.047959,10.779849,8.853482,9.673524,9.507262
859,5.38,3.7121751,4.80361,5.762785,6.0196276,4.8908577,4.302698
860,6.26,8.533518,-20.860813,9.172977,11.885192,5.390133,4.8245764
861,16.395,17.623861,5.532462,16.191391,17.848774,16.115217,16.449373
862,50.5,48.122974,-7.5573034,48.472973,42.12785,48.622593,48.565468
863,2.8,4.150255,10.393904,4.41661,5.309904,3.926934,1.5830877
864,-9.5,-6.923171,5.583557,-6.6261187,-4.2359037,-9.665893,-11.166076
865,37.7,31.272709,24.081995,28.420462,28.15421,37.815647,35.791832
866,-10.9,-9.3049,6.6482496,-8.289279,-2.993499,-5.8783274,-7.71589
867,33.5,33.807713,28.984869,33.18903,27.459764,33.537212,32.706036
868,1.44,4.359496,7.9435534,3.0909078,6.786624,3.2475326,0.77819616
869,10.17,11.64412,10.723168,9.418446,9.5567045,9.911988,8.963287
870,38.0,31.397083,24.352272,30.024166,28.102476,37.099842,32.89741
871,3.75,1.855231,4.537266,4.9089746,5.207801,5.669487,5.7595997
872,19.66,14.039832,8.1631365,11.773146,10.795914,20.187206,18.221685
873,7.8,6.3850174,-0.15023825,2.8859317,4.5938473,7.60948,7.539872
874,12.48,13.222384,10.185393,9.627901,12.212734,13.660854,11.714654
875,4.54,4.0100136,17.685001,0.6929806,9.594669,5.6183414,4.5298605
876,35.9,34.57324,24.882927,29.518084,27.480461,34.309853,31.1488
877,-2.0,-3.060115,-13.204213,-3.7802098,-4.099021,-4.4262285,-5.762542
878,38.4,36.106197,13.422826,32.454426,27.841398,36.85829,34.903744
879,4.62,6.632098,16.584936,4.221451,7.4134483,5.2810936,4.9416504
880,8.155,8.531795,-1.02234,9.281307,7.9251566,8.041976,7.06476
881,7.955,7.154007,-1.5366623,9.916016,7.8480306,7.8412814,6.973255
882,39.0,40.110573,25.46173,40.394157,32.790356,38.66535,35.09292
883,5.375,8.744986,-5.950362,9.805845,8.843895,6.064745,5.1203756
884,1.7,-7.0673475,15.78791,-4.2482557,-13.68999,-3.0206463,-5.7421045
885,7.57,-3.4694664,2.8168876,-12.678586,4.130474,-7.879401,-9.3877
886,-15.2,-10.879554,2.4671123,-6.4400625,-9.759246,-15.483527,-17.14489
887,-14.9,-13.757419,8.957471,-8.455756,-12.4467,-12.466086,-14.333308
888,32.2,27.121511,28.349152,22.070047,27.213562,33.360413,25.051777
889,3.38,5.1003313,9.942596,4.75918,4.362693,3.4701326,2.2241447
890,34.7,40.034668,25.290068,28.956871,31.525373,35.780712,32.21499
891,42.8,36.459816,19.24802,35.942196,32.09667,41.484547,37.77472
892,7.466666667,4.53214,8.545883,6.3657856,6.626768,7.8902297,6.563245
